<?xml version="1.0" encoding="UTF-8" standalone="yes"?>
<addon id="program.DaburBuild" name="The Dabur Build" version="1.0.0" provider-name="The Dabur">
	<requires>
		<import addon="xbmc.python" version="2.1.0"/>
		<import addon="script.module.requests" version="2.4.3" />
	</requires>
	<extension point="xbmc.python.pluginsource" library="default.py">
		<provides>executable</provides>
	</extension>
	<extension point="xbmc.addon.metadata">
		<summary lang="en">The Dabur Build</summary>
		<description lang="en"></description>
		<description lang="he"></description>
	<disclaimer lang="en"></disclaimer>
	<disclaimer lang="he"></disclaimer>
	<source>http://</source>
	<website>http://</website>
	<platform>all</platform>
		<assets>
			<icon>resources/icon.png</icon>
			<fanart>resources/fanart.jpg</fanart>
			<screenshot>resources/screenshot-01.jpg</screenshot>
		</assets>
	<news></news>
	</extension>
</addon>